AVVECSWARLEEVPFAKIRSPNERLLPYLVATNPVNYGKPWKLNCVEALAAAFYIVGYDNAAERLLEKFSWGHSFWSLNGDLIKRYQTCQTSEDVIRMQEAIIAEMEADHAASKQRGGESGHWDSCRHI,0
MFSAIGAGVPSYLQTLWGRSLVAGDKEGALLYLSKFKWGKTFLKLNGELLDKYSACKSSSDVVEMQNLHLKQLEEELLAEKVSISYLLWRQENPMALRSGSNAC,0
MDLISEIRLGQSLTGLCFSQQGQHCDREVVSQWGAIALAAALYITGYPDIARKYMGKFSWGHAFLSLNKDLLDRKAACAPSSDVVKCQNEFLALERESHHQKRDEIDLPPIYV,0
MQFYIYRLIAMERGIAVVDCSWKRIDDTPLHKAQGSYPRLLPYLVAANPVNYGKPCQLSCAEALCAALYILGRYFSDFSFSDDANELISKFKWGHGFMSLNEVMLKVYASCSSPAEIIRAQSDYLQRLRKEDENRRSSTKYDLPSTSSSSSDSGS,0
KFPCPLAMWDFEHCDPKKCTGRKLHRLGYVKNLRSNQRFNGLILTPAGSKCLSPDDRPVKKINNVCITWEKTIFFVEIVKSLALLSYLLGYKELGEILLKKFKWGQEFYILNQELLDIYSDCTNSEEVVKAQQIYLDKIQSQYEEK,0
MLQCVSPSDFDIVRKYGCAVIDCSWARLDNTPFNRMKTSHPRILPFLVTANPINYGKPYQLSCVEAIAATLIITGFPNEAELHLGKFSWGHSFLELNSELLEKYNLCTSSEEIITAQETYLKKAWQEKLDRLRKLVVANAKAGKCSYIRVIHEHFLDPPGKRILADQSEILSHPPYSPDVAPSNYHLFRSMAHGLADQHFRSYEEVKNWVDSWIVSKDDQFFRRGIRTLSERWEKVVASDGQYFES,0
MKSGLMRELHIGQRFPGVIITPNGKKTLSPADAPMLEQFGCAVVECSWALAANTVNYGKPWRLNCAEAMAAAFAICGHLDWAEKILEPFSYGQAFLDINETILKRYAACEDEASIKTVQDEWMEKLEREYHESREEDDMWTSGNTNHRAPVDSEEDESKDEESSEEEGSDEANHSGDESADGIYLGKKPEKKPAAEEKIKDRFDISSDEDDEDEEAAMAEIRRKVLASKTFQDAPAPKDILHIVRDESNRKGSNKASESQKFKVALDFQPDSDNGENESGNNKGSEDEGASDDDDNDDFDNIIDATPMTDRIGLKKLDKARNAVKT,0
MVAPQSRLLPYLVAANPVNYGRPLKLSCVEALAALFYITGFKELARFYMGKFGWGESFLDLNETLLDKYAACQTSAEVVQAQNEYLASNELETDDRPRDIPPSSSSDESSEDEVDAEPAIGVQQS,0
MLIYCWDTVPYLVAANTVNYGKPWRLNCVEALAATFMICGHEDWAEEVLQHFRYGQPFLEINSQLFKRYAACETEADIKAAEEKWLAKIEKEYAENREGKGPDDMWTTGNTNRQAFLSDSEDEENEEGNEEGDDDDDEDEDGIPRNALQRDNPFPESEEEDDDEEEMAEIRRKILMSKPFAGTASSPDREPDAKATGPAVVPSPAGVTAAKDACNEESDSDDGNESDAAFDRIINATIATDRTGIKALQREKQRRA,0
MAKGKYGGHGGGRRDNVSRKYKNWGQDSKHTELDLSDTESNSKHEKLPIPVTMWDFDHCDPKRCSGRKLERMGIITELRLSQSFQGLVMRIDEVPFHRIKSKNNRLLPYLVASNPVNYGRPLKLNCAEALAAALYICKLDSYGDAIMAKFSWGHSFKELNEYLFDMYSKCTSSQQVIQAQNEYMASLEQESRDRKANKSTNYIDFSSDDDDNSFNANKPNDESSDDDSSDDSDDDSSDDIDHKADIVSGSNAQSKSNSKSKSNNKPSISTDANSYTEISDAIGSLQIDESSGPDSPIKKFATDKFGNTIEL,0
CSWARLEDTPFSKMIGSHPRLLPYLVAANPVNYGKPMEGQAPPTQPRKKRPEDFRFGKILGEGSFSTVVLAKEHSTGKEYAIKILEKRHIMKENKAQYVKRERDIMSHLDHPFFVKLYFTFQDEEKLYFGLSYAKNGELLKYIRKIGSFDETCTRFYSAEIVCALEYLHQKGIIHRDLKPENILLSEEMHIQITDFGTAKQLSSDSKLARANSFVGTAQYVSPELLTEKSACKSSDLWALGCIIYQLVAGLPPFRAGNEYLIFQKIIKLEYEFPEKFFPKAKDLVEQLLSLEQCKRIGCEEMGGYGPLKSHPFFETVGWDGIHLQTPPKLTAYLPAMSEDDEDCYGNYDDLLSQFSCMQVAQPGHAPLVPFTGETSQPTYNPSPSVDQFIHIHELDSNSMELDLQYSEEEKRILLDKQSAANPWHQFVENNLILKMGPVDKRKGLFARRRQLLLTEGPHLYYVDPVNKVLKGEIPWSPELRPEAKNFKTFFVHTPNRTYYLMDPSGNADKWCKKIQEVWRKFYHKHQSPSL,0
MGYNRARRSKQDGPSRRTLSSRKLENQLDDSRDTSLPIQEEDNNDETPAPKIQLAMWDFGHCDIRKCTGRKLARFGLLKDMPWLVAANPINYGRPCELSCVEALAAALIICGEEETANLILGKFKWGHSFLSLNRHALSKNGFGLIRELLKAYSKCENGPEIISVQNTWLLNNSKPHKSSTGLHGTGGADEKAINTNTGSGSDTDDGLPPLEENLNHLILEDSEDSEEKGEEIEEEQEQSEGSAPTMLDLNTPTTLAVK,0
MEKFESYFANLIKENSLKTRLTSVVHTLGCSRAAVPGNFHLQLACPGAAAPGDWELIASSHHCRRMTSVHSRGEDLTTPPFLFLGVRTGEESELIDDAKASDLRRFRHLVWVMDEHRSREANKASTSAMCSSLGDCSLSTSKRKKMNGSTCDPAHDFVADVDLVKYLRFHLKHTDTEQKNALLFEILNVCDPSNLAYATSLLEEIRNNVDTDEIDLFSTLPLPIALKIFRLLDPKSLCKCMLVCTAWRNLCMTPCLWKRLCTLQRMFRLCSAETENEQLKKHTTRDGVVLWKDAFGERYRLWRNWHAGRCVIRTYEGHTQGISCVQFDGDRIVSGSSDNTIRVWDMKSSATSGVGTMTLTGHSDTVRCLHLNGNRLASGSNDLTIKVWGLAVNRTWSSIACRQTMIGHSNYVRCLQMEKERLISGSYDHTLKIWSTETGQCAKTLLGHNGAVICMQSDEHLLVSGSADLSMKCWDERMDICAMTLHNAHDNAVTCLRFDNERIVSGSVDRTIKMWDLRTGKCVQTLDWKLSEGHTGVVRCLQVDSWRIVSAADDRTIKVWNLHTGERLCTLYSHTDGVTCVQFSDQQIVSGSYDMTVKLWDFGKMFSETESVNHETASSSIESGCESGDDTISKVPFNLGMFDFKQCDPKRCTGKRLVRYGFVKVLKLGSKFPGLLLSPNGERTISPADFVYIKNCGLAIVDCSWNEITNVHLSRARASSRRLLPYLIAANPVNFGKPCQLSCVEALAAALYIIGLKSNAEFLLSKFKWGLNFLKVNRTLLETYAECKNGAEVIVRQNAYLQQLEKEANEIKQRPIDMPKSDSETDSDDDSNCIGGNYDAK,0
RHIVAQSGIAVIDCSWAKLEEAPFKRMKGNHLRLLPYLVAANPVNYGRPCKLSCVEAFAATFCIVGFPDLATILLRKFKWGKTFIDLNKNLLEKYATCHCQEDVLRVEKEYLASVQEIEEEEIDPFDVDSGKEFSNPNRPVKVPGIAQSDEESEDSPLSDADDDDTETNDENSPEEDGTDKLLHQELRNQLLEK,0
MVAANSVNYGRAFKLTCAEACAATLYICGKQDAARKVMEEFSYGPEFFKINREVLDLYASCQDAEEVVAKQNEWLELAQNRSSALGESQSRKHSRQSDYEDEDGNQAAWVREHGLPGELPPSDDEDDYYGYGTEEEAELLVDKFGNFISDPAPEPDYDDYGDYDSEEQEAPKLDKFGNFVVDDERMTTEDPKF,0
MDCSWVHAKEVFEASGYWVSRCLPYLVAANPVNYGKPTKLSTVEALAAALYIADYREQSTKL,0
MLQCVSPSDCDIVREYGCAVIDCSWARLDDTPFNRMKTSHPRILPFLVAANPINYGKPYQLSCVEAIAATLIITGFPNEAELYLGKFSWGHSFLELNSELLEKYNLCTSSEEIITAQETYLKKAWQEKLDRIKTSNLQNHQAISHSSANVVISYIGENTYKYLLLPTRKMLETMTTAPERGYVE,0
MWDLKQCDPRRCSGRKLARQNLIKILRLGQRFNGVCLTPVAVEVKKEGAELYLSKFKWGKGFLTMNQELLDIYSSCNTSEDVVRAQNDYLKKAQQEAEVNR,0
MQQFTWGPHFIELNRELLDMYASCGTHEEVIQKQTEYLNKLDREAEESRARIIDLPPSESESDDEEGLS,0
RCLPYLVAANPVNYGKPTKLSTVEALAAALYIADYREQSTKLLSKFKWGLQFIALNQELLDGYAEAKDSAGVVEVQKDYLNQIGAA,0
MLQCVSPTDCDIIREYGCAVVDCSWARLDDTPFNRMKTPHPRVLPFLVAANPINYGKPYQLSCVEAIAATLIITGFPNEAELYLGKFSWGHSFLELNSELLEKYTLCTSSEEIITAQEMYLKKAWQEKLDRLTLPDFPENNTESEEEKEEKEEKDTHAVLKVTEDLSDMKI,0
MAKFSWGHSFKELNEYLFDMYSKCTSSQQVIQAQNEYMASLEQESRDRKANKSTNYIDFSSDDDDNSFNANKPNDESSDDDSSDDSDDDSSDDSDDDSNDDIDHKADTVSGSNAQSKSYSKSKSNNKPSISTDANSYTEISDAIGSLQIDESSGPDSPIKKFATDKFGNTIEL,0
RHVIAQRGIAVIDCSWAKLEETPFTRMRGGHLRLLPYLVAANPVNYGRPCKLSCVEAFAAAFCIAGFPDLATVLLRKFKWGKAFIDLNKNLLEKYAACHCQEEVLRVEKDFLASVQETKDEEIDPFDVDSGKEFSNPNRPIHSPGLAQSNEESESEEDSASTPDEATESSSESSPEEDGTAEQQPPIQQLYEK,0
PQVKFPCPLAMWELGHCDPKKCTGRKLARKGLLRTLRLRQRFAGLVLSPLAAEDLHVIAQSGIAVIDCSWAKLEETPFNRMRGSHLRLLPYLVAANPVNYGRPCKLSCVEAFAAAFCIVGFPDLATILLRKFKWGKAFIDLNKNLLEKYATCHCQEEVLRVEKDFLASVQETKDEEIDPFDVDSGKEFSNPNRPMNSPGLVQSNEESEEDSMNTPGDATESSHESSSEDD,0
PFLVAANSVNYGRPHKLSCAEAIAATLYIVGLKEEAIQLMDEFSWGAEFLKINADCLEAYAACENSDEVVEAQNAYLAACQVEHEERLQRMNLPTVESEDEDEEEEEVELDRFGNIIPREKPAVETEDADAESAIDESKQSDADEDIAELTKGMQVTAESPKTAYECH,0
MGKGKNKGSEDRAPRTQKPLVKKHKRAETKHHGTNDKFHTKLAMWVSVVCPNDLEIVEQNGAAVVECSWARLEEVPFNKIGGKYERLLPYLVAANQVNYGRPWKLNCVEALAACFAIVGHTDWAADLLDNFSWGSAFLEINKELLELYQQCTDSESVQKVQDEWLLKIEKEVEERKNHGNAEDIWLQGNTNRGGDKLPSFSDEEDEEEFEEEDDDEEVEYDNLGNVIPKNGKNLEDQFDEVDEDDYSEEEEEEEDDEDNIADNINLQSLKV,0
MGRRRASRGPGAEGGRTRRPAGRSLEAFAEEVGAALRATVESEAAEAEGDPRLARLPVALAMWELGHCDPRRCTGRKLARLGLVRCLRLGHRFGGLVLSPVASQYVSPADRLDETPFGKMRGSHLRLLPHLVAANPVNYGRPCRLSCVEAFAATFCILGFSDLAVILLRKFKWGKGFLDLNRQLLDKYAACSGPEEVLQAEQEFLAHAKEHPEEEDIDPFDVDSGRECANPNRPVAGTWLPTDGTRSDSEDESEELGPDPKDGRDSSSSSCSEEEETPEQGTEARVPTELWKGIKKRQRD,0
MPYLVAANPVNFGKPCQLSCVEALAAGLYIIGLKNNAQMLLTRFKWGPNFLKINGDLLDAYAACKNGADIIAHQNAHLKALKNEADETKQRSIDMPESNSETDNDDTGDDDGDSNYSK,0
MLASNPVNYGKEIKLNCAEAMAAALFLSGFQDEAEEVMSVFKWGGAFFFLNEIYFDKYVRANTSDEMMKAEEDMMIELEKLREETRQQRNDFDMPPSSSDDDEEEEQVNQVENDDKEQEELKKEEDSKQVIDNQDEEEKKDNDQEESKKDDQDEELDEMEKMRRNRIKKWELSKLESKQDKLKKNKHAQEDDDEEDSDDDEEEVKDDNNDVEENKSDDEDGSGDDDSDEDTRQKRLKDLKQKMKKMKVKPAKKSKNQEDSN,0
MRGAHPRLLPFLVAANPVNYGRPRRLSCVEALAAAFCIVGFPDLATILLRKFKWGKTFIELNKNLLEKYAACHGPEDVLKVEEEFLASAQERETEEIDPFDVDSGKEFSNPNRPISSKGEAQSDEESEEEGDSESDSDDSTDDDKEEPAPSTASKPVIWKGVKKRLRD,0
MLVSPANRAIVEVSGVCVVDCSWMRIEEVPFEKIRSLHEQLLPYLVTANPVNYGKLFKLNCVEALRV,0
MDERESRGVNKASTSAMCSSLDDCSLSTNKRKKMNGSSCDPTYDFFADIDLIKYFRFHLKQTDTEQKNALLFEILILLFIYCSVSTQLTITTSTSQSLCKCMLVCTAWRNLCMAPCLWKRLCTLQRMFRLCSAETENEQLKKHTTRDGVVLWKEAFSERYRLWRNWHAGRCVIRTFEGHTQGISCVQFDGDRIVSGSSDNTIRVWDMKSSAMPGLGTMTLTGHSDTVRCLHLSGNRLASGSNDLTIKVWGLAVNRTWSSIACRQTMIGHTNFVRCLQMEKERLISGSYDHTLKIWSTETGQCTKTLMGHNGAVICMQSDGHLLVSGSADLSMKHKCWDERMDICAMTLHNAHDNAVTCLRFDNERIVSGSVDRTIKMWDLRTGKCVQTLDWKLSEGHTGVVRCLQVDSWRIVSAADDRTIKVWNLHTGERLCTLHSHTDGVTCVQFSDQQIVSGSYDMTVKLWDFGLCIDHSLTAYTYISQGRSVLLNELTLSSILDFFYVVHIFRIYLKVLSRMECTIDQQAASSSNESDYESENIGVEKLPFSLAMFDFKQCDPKRCTGKKLERYGFVKVLKLGTKFPGLLLSPNGERTISPADLSYILSGGLAVVENVHLNRAKASHYRLLPYLVAANPVNFGKPCQLSCVEALAASLYMIGLKSNAHLLLSKFKWGPNFLKMNKDLLDAYAACKNGPEVIARQNAYLQELAKEANEMKQRPIDMPESDSATDNDGEE,0
PYLIAANTVNYGKPWRLNCVEALAACFCICGHEDWAKEVLKHFQYGEAFLEINSELLKRYAACETEEDVKRTEEEWLAKIEKEYEDSRAEGGADDIWTVGNTNRRLQPDSDEDGSENSDGSDNEGTKDDDDDEEEEEEVEKDPYAISDDSEDEAEMAAIRAKILNSKSFQNPSAAPDRPQLEKISRPDAVPLKGDSDAESGSADGSDDEEEAFDNIINATPVTDRTGIIAASKRKGNDSFSASFSRTVINAPKKW,0
LKMEGTSFEKCKANAEHRQLSEDSSSDEDAESTRTTIPLAMWDFNQCDVKKCTGRKLNGVCEKLTIGEIILKYGIAAVDCSWHNIESTALGKLKCKHARLLPFLVASNPINYGKSCQLSCAEAFAAALFIVGFKEQSKTVMSKFKWGHGFFKLNGDLLEKYSQCRTAAEVIKVQSEFLNKQDQPTFAVMSDHREDEESRLGSAYWKNQLLLLQESAVKPTMVICEKPVKERPAFFGAEFHGLIGRDESDRLLASAGEGSYLVRQSRRAEYSYTLCIRFDGQTKNYKLFYDGQHFVGEKRFDSVEQLVADGLISMHIEKHAADYVRRMAEQTIYEHSPYSQFQRMRQRLKEHHISGGCALSPSCRCRSSPVGVVVVEDVFDVEQHQRPTFLTPHWCDYCGNYIWGLVGQGLKCEECGFGAHRRCAEKAPQDCRPDLKYVKRTFGVDLTTFSMAHRMPVPHVVECCVDEIERRGLDTEGLYRVSGSHEQIEKLRLQFDADPCSARLCPSEVDDVHALTGLLKLYFRLLPIPLVTYAARRELVRTVGGRLDADPDKLKLVGRVLRETLPVAHQAVLALFARHLHRVAEFSHKNRMTDDNLARILVLTLMTSSGTVEQQRTDPAPPLVPQFELCALQFLIKHAPKFCCNKQEMGLSDDDVKKQLRQMIAFIEQEANEKAEEIDAKAEEEFNIEKGRLVQQHRSKIMDYYERKEKQVELQRKIQNSAMFNQARLRILKAQEDHINNVLNETRSRLLQISNDPTAYPPILKNLIIQALLQLLEPEVTLRCRQKDLPLLTQLIPSCVDEARKASSIDCHVSIDRENFLADDSAGGVEVYTLGGKIRVASTLESRLEIISDQLIPDIRVAVFGRNPNRKFLD,0
MRVLGGHWDGEMMPLNPQWGQHQVDPRTKPYAAPGRQLVAQSGVAVIDCSWARLDETPFGKMRGSHLRILPHLVAANPVNYGRPCRLSCVEAFAATFCILGFSDLAVILLRKFKWGKGFLDLNRQLLDKYAACSGPEEVLQAEQEFLAHTKEPEEEEEIDPFDVDSGREFANPNRPVSGPRLPRDRADSDTEEESEELGPDSEDGGGSSSSPEETEARVPTEIWKGIKKRQRD,0
AACIVGFSDLATVLLRKFKWGKVFLELNKNLLEKYAACHCQEEVLRVEKEFLASVQERGTEDIDPFDVDTGKEFSNLNRPTSSIGMAQRDEESGEEDGSDSDVQKMTAKSLLHKQPINQLFGRELKKD,0
MSVPWLVAANPVNYGRPRQLCAEALSAALIIWELLKAYSECGNSAEIISVQNAWLSQQNQVPKAVSDAKGGEISENEGTSDDSQDGFPPLERNMNHLNFQESEDESE,0
MGRKKSVRGSGPEGSRSGGRRPQGCPRASRSLDSFSEEVEAALLASVEKDASADGASSKLELPCPLAMWELGHCDPRKCTGRKLARQGLVRTLRLNQRQLVAQCGVAVIDCSWAKLEETPFAKMRGTHLRLLPYLVAANPVNYGRPCKLSCVEAFAATFCILGFSDLAVILLRKFKWGKGFLDLNGHLLDKYAACNGPEDVLKVEKEFLAAAGEKPEEEIDPFDVDSGREFANPNRLVVPARMTNDSDEEESEEDEEEDEEQEDSSNDESLDERNQKVLSTTVNTDVWKGIKKRQRD,0
MFYDKLSDGTYEEFGNETVLISHGRLLPFLVATNPINYGKPCQLSCVEAVAATMYIVGFKEAARFYLNKFSWGHSFLELNGELLDKYASCKDGKEVIEVQTLYIKEEQEKLAHNKNVDMLPPSSSSDDDS,0
QLVAQSGVAVIDCSWARLDETPFGKMRGSHLRLLPYLVAANPVNYGRPYKLSCVEAFAATFCIVGFPDLAVILLRKFKWGKGFLDLNRQLLDKYAACGGPEGVLQAEHEFLASAKESPQEEEIDPFDVDSGRESGNLNRPVASTRLPSDTDDSDAFEDPGPGAEHGGAGSYCSEEEQTLIGAEAGAPAEVWKGINKRQRD,0
MDSGDRDRAEELLATFTWGETFAELNEEPLSRYADCADSEAVVAVQQEYLDRGE,0
MGRKKQGKCERPVHKGKDRRHRMKGKSLETFTEEMHEEMHVMFCACVSASEDADSEAAGGVKLPCQLAMWDLGHCDPKRCTGRKLVRKGFVRCLRLNQRFNGLILSPMGAKYVTPADRCWPQIRNFKWGLGFLELNKTLLERYASSQSEEELLAVEKEFLSAAPQEEDLDPFDVDSGRDFVNLNRPVQAEDDDSDETSEEEDDGEEEEQKSKEEDDERDEES,0
MKSNYPRLLPYLVAANPVNYGKPCKLNCVEALAAAFYITGYPDIARKYMGKFSWGHAFLSLKQGSLGSLCGLCHGQ,0
MGRGVRERRKAQPLKRRKDLECEDAGPSSSAHSEEPDREKDEHSSSGDSDEEDNFEMPCKLAMYDFNQCDPKRCSGRKLLRAGLIEEIRLGARFPGLVLSPTGKITLAPSDRDFIDNHGLGVVDCSWKEVDRTPLHKV,0
DKEIVDTKGIAVVDCSWAKLDQTPIATLKASHGRLLPFLVAANPINYGRPCQLSCVEAIAATMYIVGYRELAEHYLNKFSWGHSFIDLNKELLDIYAKCKDSKSVIAAQNEYLDKERKLQEEQRNKSVFPPSDSSEDEDNI,0
MGRRRAARGPGAEGGRARHPAGRSLEAFAEEVGAALRASVESEAAEDEGSSGPAPLPCTLAMWELGHCDPRRCTGRKLARLGLVRCLRLGHRQLVAQSGVAVIDCSWARLDETPFGKMRGSHLRLLPYLVAANPVNYGRPCKLSCVEAFAATFCILGFSDLAVILLRKFKWGKGFLDLNHQLLDKYAACSSAEDVLRAEQEFLARAKERPEEEEIDPFDVDSGREFANPNRPVAGTRLLADSGDSDSEDEPEEHGPDAEERGDSDSSSSPEEAGLREQGAEARAPAEVWKGIKKRQRD,0
VRVGLAVVDCSWNRVLEGRRAQHIDFVRKNVRVLPLLLCGNPTYYGAPNILTCAEALPGAHYIAGYRRHANLLLQSFTWGPHFLELNSSFLERYTRVSSAAEMKALKLQQEAEMLAKKVQKEEDKAANQKGYSAVYTDLDPEEANT,0
MNKSKRGRGTKNVKSKRKNYVSKEKKYDSSDDGTEPCEGISNLTLEASNSDSDNSDSPSYITSAPFPVAMWDVGQCDPRKCSGRKLGRHGLVKTLRLGQRFGGVCISPKDKEIIAAHGLAVVDCSWAKIDETPFSRMRSPYNRLLPFLVAANPINYGRPCQLSCVEALAAALYITGFSEEAELYLSKFKWGKSFVTLNKEMLDAYAGCNGDSATVVEVQNKYLQDAQKEKEARQNGNMFNFNTYCFHNHSLIWLMQKVIY,0
MKSMARYDSMSVAIYEVPTCGEEDTAELLLGKFKWGHAFSSLNRELLKAYSECENSAAIISVQNDWLSAQSQVPKAVPEVEAAEVSKDEGSYSDSDDGLPPLERNMNHLNFQESDDESE,0
MAKGKPTGGQRSKSHGTGHRGGKRPAGSHRGKRQQAGSLPDEGRPESAVDHVEDENEGEGSDEEEGSKVVIQVPVAMWDFDHCDPRRCSGKKLARLGLIKELKHLTTLKAACHAVVECSWARLDDIPFGKIASPHERLLPYLIATNPTNYGKPWRLNCVEALAAAFYLTGFDDYAERLLEGFGWGITNGIKVIFRALSYMQYG,0
MAVILLRKFKWGTMFLDLNKTLLECYAICQSEEELLAVEKAYLNTPPEEEEFIIKLLHSEHKYDVVPIQSSVVICSCPHPSMVRNQPDSCSPLAIPGASSSHYPSMEGPTSESRATGKPASLGAELRAQQAPQPRKKRPEDFKFGKILGEGSFSTVIKILEKRHIMKENKAQYVKRERDVMSNLDHPFFVKLYFTFQDDEKLYFGLSYAKNGELLKYIRKIGSFDETCTRFYSAEIVCALEYLHEKGIIHRDLKPENILLSEDMHIQITDFGTAKQLSSDSKQARANSFVGTAQYVSPELLTEKSACKSSDLWALGCIVYQLVAGLPPFRAGVEGFGSVNVILFLLQSLDPSKRIGCEDMGGYDPLRGHPFFETISWGDLHVQTPPKLTPYLPAMSEDDEDCYGNYDDLLSQFSSMQVALSSSSHSLSTPETIPPAPQRSSSNIEQYIHDLDNNSFELDLLFSEEEKQLLLEKQTSGNPWHQFVENNLILKMGPVDKRKGLFARRRQLLLTEGPHLYYVDPVNKVLKGEIPWSPELRPEAKNFKTFFVHTPNRTYYLMDPSGNADKWCKKIQEVWRKIYHKQQNPGL,0
MKDKRRPQRGFKGQQRSHRSIEEIREDFKPPDSDEATTSHIITAMWDFEQCDPRRCSGRKLVRFGLTRLLRMNESFGGIVLTPTGTCVLSPETDREIMASGGLAVVDCSWAQLESTAFRRLSCAEALAAGLYILGQPDQATELLDKFGWGHSFLEVNEERLEAYAACSTTADVLEAQRKFMSEADAKQRVSSGGSYADVYAELDKAISETESSTDESEAETEPGSASPGSSNVQSDERACTTTRECQSETEVEGKKLSESSTPLLPPVQAPTEEEINQTLSKQVATLVSQFERTKLLREAGANWNRFYKRNGTRFFKDRHWTKREFSDLLQLTRSSQTTSQQDSTCPLCILEVGCGVGNFVLPLLEEEMQEEAVQEVAGASNDNATEDHSTDNSHTTESTDSGGSVLGSPRIYACDISEQAIHLFRDRATSSGLSCCAFVCDVTKPDALEQSLRNAAPTVESDVSDSLPQFDLVTLIFVLSALEPLSMPICLRNIASVLKPGGRLLFRDYGLHDHSQLRFGRSTRLYPDRPSYARQDGTLSYFFSVEELTELFTQAGLSVHHCDYVYKQTTNMAERLAVRRVFVQAVAYRPF,0
RDMVAQSGIAVIDCSWAKLEETPFQKMKGGHLRLLPYLVAANPVNYGRPYKLSCVEAFAAAFCIVGFPDLATILLTKFKWGKAFIDLNKNLLERYAACHCQEDVLKVEKDFLASVQETKDEEIDPFDVDSGKEFCNPNRPINSLRLAESNEESEEDSVSTPDDATESSDESSPEDDDTAQLQQQQPTNQLFEK,0
PGKVWTPHPHGPQELVAQRGVAVIDCSWARLEETPFGKMRGGQARLLPYLVAANPVNYGRPCKLSCVEAFAATFSILGFSDPALLLLRKFKWGQGFLELNGELLARYAACTGPEDVARVEEEFLTAAVTKESSEEELATTSSEEESEEEDEESKEDEEDEESKEDEEDEESEEDEEEDKDGEEEEDAVAEKRTDSALGPGLAAEKESETGNRD,0
MMTSSRHVIAQSGIAVIDCSWAKLEETPFQKMRGGHPRLLPYLVAANPVNYGRPCKLSCVEAFAAAFCIAGFPDLATILLRKFKWGKAFIDLNKNLLEKYAACHCQEEVLRVEKDFLTSVHETKDEEIDPFDVDSGKEFSNPNRPINSPGLAESDEESEEDSASTPDDATESSEESSPEDSTTANKSTT,0
MGHNKPRRFKTHNSHRGQSSRNHQFQREDESLPHDQPPEEEPNVPKVQLAMWDFGQCDAKRCTGRKLARFGFPVGSQCVSKEDYNLIKRKGLAVVDCSWARLSDVPFVKLRCGAPRLLPWLVAANPVNYGRPCELSCVEALSAALLICGEEETANLLLGKFKWGHAFLSLNRELLKAYSECENSADIISVQNSWLSQQRQVPKVPPDAAEGASNDSEDEEGSSNDSEDGLPPLERNMNHLSLQESDDESE,0
MADAPAARASRKKKGGDPERRKQCSIHELMKRVSLKNKPTASSTDLTTAAGVSTAEQAAAPAAAPAAALADAIMDKTGSAEGRLHTDATCSSETKEAAGGSGAGAAAAAAATTAAATEGTGSRASSIPKESPDELSLFMFDFGECDAQRCSGRRLLRHRKLNKVMASGQVEYSQALGGRRLSGSSSRSSSTSSNRNSICRGNEGRSDSESGSEAEQDSTAASSTAAATETTEANSRRNKGSLVRGYPSDPILYRQDPENERVLPLLLCGNPTHYGAPNILNCAEALAGALYIAGYRRHAELVLSSFTWGPHFLDLNKRFLDRYVSVPSGAEMKALKLQQDAELLKEKTNRDSEKANNTKGYSSIYAEIETVLAAGGDPGGE,0
MKGNHLRLLPYLVAANPVNYGRPWKLSCVEAFAATLCIVGFSDLATVLLQKFKWGKQFLDLNSDLLEKYAACVCEEDVLRVEREFLAHTQEEEKDNIDPFDIDSGRAFFNPNRPDRIKTVTEEDESSGEETSENDDESHSSHQSSSSSSEDLNATPGDLAVCERENEEMRNEGSHP,0
